index_code,date,close,open,high,low,SP500,gold,WTI_oil,label
eur_usd,1/1/1988,1.22780 ,1.22780 ,1.31130 ,1.21780 ,257.07000 ,454.20000 ,16.94000 ,1.22280 
eur_usd,2/1/1988,1.22280 ,1.22280 ,1.23130 ,1.19600 ,267.82000 ,430.50000 ,16.01000 ,1.25150 
eur_usd,3/1/1988,1.25150 ,1.25150 ,1.25400 ,1.21690 ,258.89000 ,454.40000 ,17.08000 ,1.23680 
eur_usd,4/1/1988,1.23680 ,1.23680 ,1.25860 ,1.22190 ,261.33000 ,451.00000 ,17.99000 ,1.20200 
eur_usd,5/1/1988,1.20200 ,1.20200 ,1.24010 ,1.19960 ,262.16000 ,455.00000 ,17.51000 ,1.14290 
eur_usd,6/1/1988,1.14290 ,1.14290 ,1.21270 ,1.13360 ,273.50000 ,435.30000 ,15.16000 ,1.10910 
eur_usd,7/1/1988,1.10910 ,1.10910 ,1.14590 ,1.09710 ,272.02000 ,436.10000 ,16.31000 ,1.10530 
eur_usd,8/1/1988,1.10530 ,1.10530 ,1.12140 ,1.08270 ,261.52000 ,431.30000 ,15.18000 ,1.10930 
eur_usd,9/1/1988,1.10930 ,1.10930 ,1.12590 ,1.09550 ,271.91000 ,394.40000 ,13.37000 ,1.15960 
eur_usd,10/1/1988,1.15960 ,1.15960 ,1.17320 ,1.10890 ,278.97000 ,412.70000 ,13.58000 ,1.20020 
eur_usd,11/1/1988,1.20020 ,1.20020 ,1.21170 ,1.14970 ,273.70000 ,424.80000 ,15.32000 ,1.17340 
eur_usd,12/1/1988,1.17340 ,1.17340 ,1.20840 ,1.15530 ,277.72000 ,410.00000 ,17.24000 ,1.11280 
eur_usd,1/1/1989,1.11280 ,1.11280 ,1.18250 ,1.11120 ,297.47000 ,391.60000 ,17.03000 ,1.13860 
eur_usd,2/1/1989,1.13860 ,1.13860 ,1.14630 ,1.10390 ,288.86000 ,387.50000 ,18.15000 ,1.09760 
eur_usd,3/1/1989,1.09760 ,1.09760 ,1.13870 ,1.09370 ,294.87000 ,385.10000 ,20.19000 ,1.10530 
eur_usd,4/1/1989,1.10530 ,1.10530 ,1.12680 ,1.09410 ,309.64000 ,377.90000 ,20.42000 ,1.04690 
eur_usd,5/1/1989,1.04690 ,1.04690 ,1.10590 ,1.02790 ,320.52000 ,363.30000 ,19.90000 ,1.05880 
eur_usd,6/1/1989,1.05880 ,1.05880 ,1.07040 ,1.01140 ,317.98000 ,374.60000 ,20.27000 ,1.11330 
eur_usd,7/1/1989,1.11330 ,1.11330 ,1.11560 ,1.05610 ,346.08000 ,370.50000 ,18.31000 ,1.05690 
eur_usd,8/1/1989,1.05690 ,1.05690 ,1.12190 ,1.05150 ,351.45000 ,359.90000 ,18.83000 ,1.10120 
eur_usd,9/1/1989,1.10120 ,1.10120 ,1.10670 ,1.03590 ,349.15000 ,367.20000 ,20.13000 ,1.11390 
eur_usd,10/1/1989,1.11390 ,1.11390 ,1.12210 ,1.06850 ,340.36000 ,374.70000 ,19.94000 ,1.14310 
eur_usd,11/1/1989,1.14310 ,1.14310 ,1.14810 ,1.10080 ,345.99000 ,411.60000 ,19.89000 ,1.19180 
eur_usd,12/1/1989,1.19180 ,1.19180 ,1.20400 ,1.13660 ,353.40000 ,402.50000 ,21.82000 ,1.20850 
eur_usd,1/1/1990,1.20850 ,1.20850 ,1.22080 ,1.16890 ,329.08000 ,412.40000 ,22.68000 ,1.20080 
eur_usd,2/1/1990,1.20080 ,1.20080 ,1.23250 ,1.19960 ,331.89000 ,406.10000 ,21.54000 ,1.20650 
eur_usd,3/1/1990,1.20650 ,1.20650 ,1.21300 ,1.18410 ,339.94000 ,370.20000 ,20.28000 ,1.21880 
eur_usd,4/1/1990,1.21880 ,1.21880 ,1.22440 ,1.19810 ,330.80000 ,368.40000 ,18.54000 ,1.21170 
eur_usd,5/1/1990,1.21170 ,1.21170 ,1.25400 ,1.20870 ,361.23000 ,364.30000 ,17.40000 ,1.23650 
eur_usd,6/1/1990,1.23650 ,1.23650 ,1.24400 ,1.20620 ,358.02000 ,357.90000 ,17.07000 ,1.30470 
eur_usd,7/1/1990,1.30470 ,1.30470 ,1.30470 ,1.23930 ,356.15000 ,370.00000 ,20.69000 ,1.31600 
eur_usd,8/1/1990,1.31600 ,1.31600 ,1.34650 ,1.27950 ,322.56000 ,382.30000 ,27.32000 ,1.31550 
eur_usd,9/1/1990,1.31550 ,1.31550 ,1.34170 ,1.29590 ,306.05000 ,402.50000 ,39.51000 ,1.36800 
eur_usd,10/1/1990,1.36800 ,1.36800 ,1.38540 ,1.31650 ,304.00000 ,379.40000 ,35.23000 ,1.37100 
eur_usd,11/1/1990,1.37100 ,1.37100 ,1.40220 ,1.35650 ,322.22000 ,383.30000 ,28.85000 ,1.36700 
eur_usd,12/1/1990,1.36700 ,1.36700 ,1.40290 ,1.33390 ,330.22000 ,394.20000 ,28.44000 ,1.39320 
eur_usd,1/1/1991,1.39320 ,1.39320 ,1.39320 ,1.33200 ,343.93000 ,365.80000 ,21.54000 ,1.34570 
eur_usd,2/1/1991,1.34570 ,1.34570 ,1.42140 ,1.34570 ,367.07000 ,367.40000 ,19.16000 ,1.21190 
eur_usd,3/1/1991,1.21190 ,1.21190 ,1.34740 ,1.19720 ,375.22000 ,357.10000 ,19.63000 ,1.19860 
eur_usd,4/1/1991,1.19860 ,1.19860 ,1.24500 ,1.15510 ,375.34000 ,355.90000 ,20.96000 ,1.18040 
eur_usd,5/1/1991,1.18040 ,1.18040 ,1.22270 ,1.16800 ,389.83000 ,361.40000 ,21.13000 ,1.13550 
eur_usd,6/1/1991,1.13550 ,1.13550 ,1.18370 ,1.12620 ,371.16000 ,368.10000 ,20.56000 ,1.17740 
eur_usd,7/1/1991,1.17740 ,1.17740 ,1.18580 ,1.11620 ,387.81000 ,363.60000 ,21.68000 ,1.17550 
eur_usd,8/1/1991,1.17550 ,1.17550 ,1.20560 ,1.12670 ,395.43000 ,348.10000 ,22.26000 ,1.22790 
eur_usd,9/1/1991,1.22790 ,1.22790 ,1.23420 ,1.17440 ,387.86000 ,354.00000 ,22.23000 ,1.22420 
eur_usd,10/1/1991,1.22420 ,1.22420 ,1.23410 ,1.19050 ,392.45000 ,358.10000 ,23.37000 ,1.25500 
eur_usd,11/1/1991,1.25500 ,1.25500 ,1.28870 ,1.22450 ,375.22000 ,367.90000 ,21.48000 ,1.33690 
eur_usd,12/1/1991,1.33690 ,1.33690 ,1.34930 ,1.25900 ,417.09000 ,354.10000 ,19.12000 ,1.26850 
eur_usd,1/1/1992,1.26850 ,1.26850 ,1.35280 ,1.24650 ,408.78000 ,357.00000 ,18.90000 ,1.24850 
eur_usd,2/1/1992,1.24850 ,1.24850 ,1.31120 ,1.22830 ,412.70000 ,353.00000 ,18.68000 ,1.24310 
eur_usd,3/1/1992,1.24310 ,1.24310 ,1.25390 ,1.21300 ,403.69000 ,343.70000 ,19.44000 ,1.24550 
eur_usd,4/1/1992,1.24550 ,1.24550 ,1.26700 ,1.22470 ,414.95000 ,337.60000 ,20.85000 ,1.27850 
eur_usd,5/1/1992,1.27850 ,1.27750 ,1.29400 ,1.24030 ,415.35000 ,336.40000 ,22.11000 ,1.34470 
eur_usd,6/1/1992,1.34470 ,1.27900 ,1.35290 ,1.26600 ,408.14000 ,343.10000 ,21.60000 ,1.38280 
eur_usd,7/1/1992,1.38280 ,1.34450 ,1.40570 ,1.33700 ,424.21000 ,357.40000 ,21.87000 ,1.44100 
eur_usd,8/1/1992,1.44100 ,1.38030 ,1.44970 ,1.37030 ,414.03000 ,342.70000 ,21.48000 ,1.38600 
eur_usd,9/1/1992,1.38600 ,1.44130 ,1.45800 ,1.26520 ,417.80000 ,347.80000 ,21.71000 ,1.27290 
eur_usd,10/1/1992,1.27290 ,1.38550 ,1.39190 ,1.26570 ,418.68000 ,339.40000 ,20.62000 ,1.23120 
eur_usd,11/1/1992,1.23120 ,1.27220 ,1.27300 ,1.21320 ,431.35000 ,334.30000 ,19.89000 ,1.20470 
eur_usd,12/1/1992,1.20470 ,1.23270 ,1.26680 ,1.20290 ,435.71000 ,332.80000 ,19.50000 ,1.21100 
eur_usd,1/1/1993,1.21100 ,1.20400 ,1.25000 ,1.18770 ,438.78000 ,330.20000 ,20.26000 ,1.17800 
eur_usd,2/1/1993,1.17800 ,1.21100 ,1.21100 ,1.16900 ,443.38000 ,328.40000 ,20.60000 ,1.20700 
eur_usd,3/1/1993,1.20700 ,1.17160 ,1.20700 ,1.16080 ,451.67000 ,337.60000 ,20.44000 ,1.23300 
eur_usd,4/1/1993,1.23300 ,1.20400 ,1.24850 ,1.19880 ,440.19000 ,356.50000 ,20.53000 ,1.22410 
eur_usd,5/1/1993,1.22410 ,1.23040 ,1.24770 ,1.19340 ,450.19000 ,378.30000 ,20.02000 ,1.14710 
eur_usd,6/1/1993,1.14710 ,1.22780 ,1.23110 ,1.14160 ,450.53000 ,378.40000 ,18.85000 ,1.09350 
eur_usd,7/1/1993,1.09350 ,1.14810 ,1.16400 ,1.08700 ,448.13000 ,407.00000 ,17.88000 ,1.13800 
eur_usd,8/1/1993,1.13800 ,1.09450 ,1.14430 ,1.08170 ,463.56000 ,373.00000 ,18.29000 ,1.16180 
eur_usd,9/1/1993,1.16180 ,1.13810 ,1.19950 ,1.13600 ,458.93000 ,355.10000 ,18.79000 ,1.13300 
eur_usd,10/1/1993,1.13300 ,1.16150 ,1.18860 ,1.13020 ,467.83000 ,368.70000 ,16.92000 ,1.12050 
eur_usd,11/1/1993,1.12050 ,1.13260 ,1.13930 ,1.11820 ,461.79000 ,369.80000 ,15.43000 ,1.11300 
eur_usd,12/1/1993,1.11300 ,1.11970 ,1.14280 ,1.11300 ,466.45000 ,390.80000 ,14.17000 ,1.12100 
eur_usd,1/1/1994,1.12100 ,1.11300 ,1.12700 ,1.10470 ,481.61000 ,381.60000 ,15.19000 ,1.13320 
eur_usd,2/1/1994,1.13320 ,1.12120 ,1.13630 ,1.10100 ,467.14000 ,381.40000 ,14.48000 ,1.15170 
eur_usd,3/1/1994,1.15170 ,1.13300 ,1.15950 ,1.12250 ,445.77000 ,391.80000 ,14.79000 ,1.16790 
eur_usd,4/1/1994,1.16790 ,1.15100 ,1.17420 ,1.12370 ,450.91000 ,376.60000 ,16.90000 ,1.17080 
eur_usd,5/1/1994,1.17080 ,1.16680 ,1.17980 ,1.14690 ,456.50000 ,387.10000 ,18.31000 ,1.20520 
eur_usd,6/1/1994,1.20520 ,1.17000 ,1.21850 ,1.15210 ,444.27000 ,385.80000 ,19.37000 ,1.20860 
eur_usd,7/1/1994,1.20860 ,1.20630 ,1.25730 ,1.19120 ,458.26000 ,383.00000 ,20.30000 ,1.20690 
eur_usd,8/1/1994,1.20690 ,1.20650 ,1.24520 ,1.19800 ,475.49000 ,386.30000 ,17.56000 ,1.23240 
eur_usd,9/1/1994,1.23240 ,1.20740 ,1.24350 ,1.20690 ,462.71000 ,394.20000 ,18.39000 ,1.26790 
eur_usd,10/1/1994,1.26790 ,1.23240 ,1.28090 ,1.22600 ,472.35000 ,383.50000 ,18.19000 ,1.21540 
eur_usd,11/1/1994,1.21540 ,1.26850 ,1.27630 ,1.21100 ,453.69000 ,380.70000 ,18.05000 ,1.22690 
eur_usd,12/1/1994,1.22690 ,1.21520 ,1.22820 ,1.20250 ,459.27000 ,383.10000 ,17.76000 ,1.23940 
eur_usd,1/1/1995,1.23940 ,1.22690 ,1.25690 ,1.21590 ,470.42000 ,375.40000 ,18.39000 ,1.27130 
eur_usd,2/1/1995,1.27130 ,1.23950 ,1.27900 ,1.22800 ,487.39000 ,376.90000 ,18.49000 ,1.33190 
eur_usd,3/1/1995,1.33190 ,1.27160 ,1.33560 ,1.26900 ,500.71000 ,392.20000 ,19.17000 ,1.32510 
eur_usd,4/1/1995,1.32510 ,1.32750 ,1.35300 ,1.30080 ,514.71000 ,387.00000 ,20.38000 ,1.30500 
eur_usd,5/1/1995,1.30500 ,1.32080 ,1.34450 ,1.26550 ,533.40000 ,385.10000 ,18.89000 ,1.33210 
eur_usd,6/1/1995,1.33210 ,1.30720 ,1.33600 ,1.29110 ,544.75000 ,384.90000 ,17.40000 ,1.34050 
eur_usd,7/1/1995,1.34050 ,1.33210 ,1.35000 ,1.31270 ,562.06000 ,382.30000 ,17.56000 ,1.27460 
eur_usd,8/1/1995,1.27460 ,1.34050 ,1.35250 ,1.25750 ,561.88000 ,382.90000 ,17.84000 ,1.29710 
eur_usd,9/1/1995,1.29710 ,1.27800 ,1.31010 ,1.25060 ,584.41000 ,383.80000 ,17.54000 ,1.30130 
eur_usd,10/1/1995,1.30130 ,1.29740 ,1.32160 ,1.28080 ,581.50000 ,383.00000 ,17.64000 ,1.27550 
eur_usd,11/1/1995,1.27550 ,1.30460 ,1.30900 ,1.27200 ,605.37000 ,387.20000 ,18.18000 ,1.27770 
eur_usd,12/1/1995,1.27770 ,1.27630 ,1.28790 ,1.26020 ,615.93000 ,387.60000 ,19.55000 ,1.23400 
eur_usd,1/1/1996,1.23400 ,1.27690 ,1.29710 ,1.22430 ,636.02000 ,405.60000 ,17.74000 ,1.25510 
eur_usd,2/1/1996,1.25510 ,1.23400 ,1.27320 ,1.23050 ,640.43000 ,399.90000 ,19.54000 ,1.25570 
eur_usd,3/1/1996,1.25570 ,1.25520 ,1.26280 ,1.24580 ,645.50000 ,395.80000 ,21.47000 ,1.22690 
eur_usd,4/1/1996,1.22690 ,1.25450 ,1.26130 ,1.22400 ,654.17000 ,391.90000 ,21.20000 ,1.23920 
eur_usd,5/1/1996,1.23920 ,1.22630 ,1.24050 ,1.21900 ,669.12000 ,390.90000 ,19.76000 ,1.24320 
eur_usd,6/1/1996,1.24320 ,1.23910 ,1.25030 ,1.22950 ,670.63000 ,380.10000 ,20.92000 ,1.27670 
eur_usd,7/1/1996,1.27670 ,1.24360 ,1.28370 ,1.23840 ,639.95000 ,387.50000 ,20.42000 ,1.27300 
eur_usd,8/1/1996,1.27300 ,1.27720 ,1.27990 ,1.25800 ,651.99000 ,386.90000 ,22.25000 ,1.25040 
eur_usd,9/1/1996,1.25040 ,1.27230 ,1.27520 ,1.24750 ,687.33000 ,377.70000 ,24.38000 ,1.26420 
eur_usd,10/1/1996,1.26420 ,1.25120 ,1.27310 ,1.24130 ,705.27000 ,378.10000 ,23.35000 ,1.25400 
eur_usd,11/1/1996,1.25400 ,1.26420 ,1.28620 ,1.25310 ,757.02000 ,373.00000 ,23.75000 ,1.25380 
eur_usd,12/1/1996,1.25380 ,1.25480 ,1.25940 ,1.23050 ,740.74000 ,368.30000 ,25.92000 ,1.17960 
eur_usd,1/1/1997,1.17960 ,1.25270 ,1.25590 ,1.17030 ,786.16000 ,344.90000 ,24.15000 ,1.14680 
eur_usd,2/1/1997,1.14680 ,1.17730 ,1.18110 ,1.13890 ,790.82000 ,364.70000 ,20.30000 ,1.16610 
eur_usd,3/1/1997,1.16610 ,1.14550 ,1.16820 ,1.12930 ,757.12000 ,351.00000 ,20.41000 ,1.12550 
eur_usd,4/1/1997,1.12550 ,1.16250 ,1.16850 ,1.12280 ,801.34000 ,340.00000 ,20.21000 ,1.14100 
eur_usd,5/1/1997,1.14100 ,1.12790 ,1.16680 ,1.12400 ,848.28000 ,344.80000 ,20.88000 ,1.12670 
eur_usd,6/1/1997,1.12670 ,1.13400 ,1.14350 ,1.11950 ,885.14000 ,334.20000 ,19.80000 ,1.07330 
eur_usd,7/1/1997,1.07330 ,1.12600 ,1.12950 ,1.06650 ,954.31000 ,324.10000 ,20.14000 ,1.08780 
eur_usd,8/1/1997,1.08780 ,1.07090 ,1.10000 ,1.04190 ,899.47000 ,324.50000 ,19.61000 ,1.11220 
eur_usd,9/1/1997,1.11220 ,1.08500 ,1.12080 ,1.06730 ,947.28000 ,334.30000 ,21.18000 ,1.14300 
eur_usd,10/1/1997,1.14300 ,1.11170 ,1.15150 ,1.10050 ,914.62000 ,311.30000 ,21.08000 ,1.12300 
eur_usd,11/1/1997,1.12300 ,1.14050 ,1.16350 ,1.11650 ,955.40000 ,296.90000 ,19.15000 ,1.09910 
eur_usd,12/1/1997,1.09910 ,1.12280 ,1.12370 ,1.09800 ,970.43000 ,289.20000 ,17.64000 ,1.07900 
eur_usd,1/1/1998,1.07900 ,1.09800 ,1.12060 ,1.07150 ,980.28000 ,302.90000 ,17.21000 ,1.08840 
eur_usd,2/1/1998,1.08840 ,1.07700 ,1.10500 ,1.07330 ,1049.34000 ,299.10000 ,15.44000 ,1.07680 
eur_usd,3/1/1998,1.07680 ,1.09170 ,1.09830 ,1.07170 ,1101.75000 ,300.50000 ,15.61000 ,1.10200 
eur_usd,4/1/1998,1.10200 ,1.07620 ,1.10930 ,1.07000 ,1111.75000 ,306.80000 ,15.39000 ,1.10290 
eur_usd,5/1/1998,1.10290 ,1.10280 ,1.12110 ,1.09920 ,1090.82000 ,292.30000 ,15.20000 ,1.09520 
eur_usd,6/1/1998,1.09520 ,1.10500 ,1.11810 ,1.08660 ,1133.84000 ,297.00000 ,14.18000 ,1.10950 
eur_usd,7/1/1998,1.10950 ,1.09550 ,1.11700 ,1.07900 ,1120.67000 ,286.30000 ,14.21000 ,1.13020 
eur_usd,8/1/1998,1.13020 ,1.11000 ,1.13020 ,1.08770 ,957.28000 ,275.70000 ,13.34000 ,1.17950 
eur_usd,9/1/1998,1.17950 ,1.12270 ,1.18310 ,1.11930 ,1017.01000 ,296.40000 ,16.14000 ,1.18870 
eur_usd,10/1/1998,1.18870 ,1.17820 ,1.22930 ,1.17700 ,1098.67000 ,292.70000 ,14.42000 ,1.16010 
eur_usd,11/1/1998,1.16010 ,1.19060 ,1.19420 ,1.14590 ,1163.63000 ,292.50000 ,11.22000 ,1.17230 
eur_usd,12/1/1998,1.17230 ,1.15970 ,1.19550 ,1.15740 ,1229.23000 ,288.10000 ,12.05000 ,1.13660 
eur_usd,1/1/1999,1.13660 ,1.17420 ,1.19090 ,1.13380 ,1279.64000 ,286.30000 ,12.75000 ,1.10250 
eur_usd,2/1/1999,1.10250 ,1.13890 ,1.13970 ,1.09230 ,1238.33000 ,287.50000 ,12.27000 ,1.07700 
eur_usd,3/1/1999,1.07700 ,1.09870 ,1.10720 ,1.06830 ,1286.37000 ,279.80000 ,16.76000 ,1.05700 
eur_usd,4/1/1999,1.05700 ,1.07760 ,1.08880 ,1.05420 ,1335.18000 ,286.80000 ,18.66000 ,1.04230 
eur_usd,5/1/1999,1.04230 ,1.05890 ,1.08440 ,1.03930 ,1301.84000 ,270.40000 ,16.84000 ,1.03570 
eur_usd,6/1/1999,1.03570 ,1.04310 ,1.05630 ,1.02590 ,1372.71000 ,263.10000 ,19.29000 ,1.07070 
eur_usd,7/1/1999,1.07070 ,1.03620 ,1.07470 ,1.01070 ,1328.72000 ,256.90000 ,20.53000 ,1.05640 
eur_usd,8/1/1999,1.05640 ,1.06820 ,1.08290 ,1.03930 ,1320.41000 ,255.80000 ,22.11000 ,1.06840 
eur_usd,9/1/1999,1.06840 ,1.05660 ,1.07320 ,1.02850 ,1282.71000 ,297.90000 ,24.51000 ,1.05510 
eur_usd,10/1/1999,1.05510 ,1.06780 ,1.09130 ,1.04330 ,1362.93000 ,299.20000 ,21.75000 ,1.00910 
eur_usd,11/1/1999,1.00910 ,1.05510 ,1.05950 ,1.00370 ,1388.91000 ,290.10000 ,24.59000 ,1.00750 
eur_usd,12/1/1999,1.00750 ,1.00960 ,1.03050 ,0.99910 ,1469.25000 ,288.50000 ,25.60000 ,0.96950 
eur_usd,1/1/2000,0.96950 ,1.00520 ,1.04160 ,0.96700 ,1394.46000 ,283.20000 ,27.64000 ,0.96470 
eur_usd,2/1/2000,0.96470 ,0.97020 ,1.00900 ,0.93910 ,1366.42000 ,292.40000 ,30.43000 ,0.95620 
eur_usd,3/1/2000,0.95620 ,0.96450 ,0.97960 ,0.94780 ,1498.58000 ,278.40000 ,26.90000 ,0.91230 
eur_usd,4/1/2000,0.91230 ,0.95620 ,0.97520 ,0.90290 ,1452.43000 ,273.10000 ,25.74000 ,0.93790 
eur_usd,5/1/2000,0.93790 ,0.91200 ,0.94120 ,0.88450 ,1420.60000 ,271.70000 ,29.01000 ,0.95260 
eur_usd,6/1/2000,0.95260 ,0.93710 ,0.97030 ,0.92840 ,1454.60000 ,290.10000 ,32.50000 ,0.92630 
eur_usd,7/1/2000,0.92630 ,0.95260 ,0.96010 ,0.91910 ,1430.83000 ,276.80000 ,27.43000 ,0.88880 
eur_usd,8/1/2000,0.88880 ,0.92650 ,0.92930 ,0.88390 ,1517.68000 ,278.30000 ,33.12000 ,0.88390 
eur_usd,9/1/2000,0.88390 ,0.88870 ,0.90400 ,0.84390 ,1436.51000 ,273.60000 ,30.84000 ,0.84930 
eur_usd,10/1/2000,0.84930 ,0.88420 ,0.88600 ,0.82280 ,1429.40000 ,264.90000 ,32.70000 ,0.87240 
eur_usd,11/1/2000,0.87240 ,0.84860 ,0.87980 ,0.83720 ,1314.95000 ,270.10000 ,33.82000 ,0.94240 
eur_usd,12/1/2000,0.94240 ,0.87240 ,0.94270 ,0.87000 ,1320.28000 ,272.00000 ,26.80000 ,0.93650 
eur_usd,1/1/2001,0.93650 ,0.94250 ,0.95970 ,0.91120 ,1366.01000 ,265.60000 ,28.66000 ,0.92340 
eur_usd,2/1/2001,0.92340 ,0.93740 ,0.94480 ,0.90160 ,1239.94000 ,266.80000 ,27.39000 ,0.87780 
eur_usd,3/1/2001,0.87780 ,0.92390 ,0.93840 ,0.87520 ,1160.33000 ,257.90000 ,26.29000 ,0.88810 
eur_usd,4/1/2001,0.88810 ,0.87430 ,0.90930 ,0.86950 ,1249.46000 ,264.00000 ,28.46000 ,0.84590 
eur_usd,5/1/2001,0.84590 ,0.88920 ,0.90100 ,0.84400 ,1255.82000 ,265.30000 ,28.37000 ,0.85000 
eur_usd,6/1/2001,0.85000 ,0.84480 ,0.86750 ,0.84100 ,1224.38000 ,270.60000 ,26.25000 ,0.87620 
eur_usd,7/1/2001,0.87620 ,0.85060 ,0.88240 ,0.83460 ,1211.23000 ,266.20000 ,26.35000 ,0.91240 
eur_usd,8/1/2001,0.91240 ,0.87630 ,0.92420 ,0.87350 ,1133.58000 ,274.40000 ,27.20000 ,0.91170 
eur_usd,9/1/2001,0.91170 ,0.91020 ,0.93360 ,0.88230 ,1040.94000 ,292.40000 ,23.43000 ,0.89980 
eur_usd,10/1/2001,0.89980 ,0.91030 ,0.92460 ,0.88670 ,1059.78000 ,279.50000 ,21.18000 ,0.89650 
eur_usd,11/1/2001,0.89650 ,0.90080 ,0.91230 ,0.87370 ,1139.45000 ,273.90000 ,19.44000 ,0.89090 
eur_usd,12/1/2001,0.89090 ,0.89620 ,0.90870 ,0.87420 ,1148.08000 ,278.70000 ,19.84000 ,0.85850 
eur_usd,1/1/2002,0.85850 ,0.88960 ,0.90690 ,0.85710 ,1130.20000 ,282.10000 ,19.48000 ,0.86860 
eur_usd,2/1/2002,0.86860 ,0.85880 ,0.88030 ,0.85620 ,1106.73000 ,296.70000 ,21.74000 ,0.87180 
eur_usd,3/1/2002,0.87180 ,0.86890 ,0.88710 ,0.86290 ,1147.39000 ,302.60000 ,26.31000 ,0.90020 
eur_usd,4/1/2002,0.90020 ,0.87110 ,0.90470 ,0.87110 ,1076.92000 ,308.90000 ,27.29000 ,0.93390 
eur_usd,5/1/2002,0.93390 ,0.90060 ,0.94210 ,0.89920 ,1067.14000 ,326.50000 ,25.31000 ,0.99180 
eur_usd,6/1/2002,0.99180 ,0.93270 ,0.99920 ,0.93000 ,989.82000 ,313.50000 ,26.86000 ,0.97750 
eur_usd,7/1/2002,0.97750 ,0.99150 ,1.02140 ,0.97150 ,911.62000 ,303.20000 ,27.02000 ,0.98200 
eur_usd,8/1/2002,0.98200 ,0.97640 ,0.99200 ,0.96210 ,916.07000 ,312.40000 ,28.98000 ,0.98680 
eur_usd,9/1/2002,0.98680 ,0.98150 ,0.99930 ,0.96030 ,815.28000 ,323.90000 ,30.45000 ,0.99070 
eur_usd,10/1/2002,0.99070 ,0.98680 ,0.99280 ,0.96870 ,885.76000 ,318.00000 ,27.22000 ,0.99460 
eur_usd,11/1/2002,0.99460 ,0.99090 ,1.01730 ,0.98730 ,936.31000 ,316.80000 ,26.89000 ,1.05010 
eur_usd,12/1/2002,1.05010 ,0.99460 ,1.05070 ,0.98590 ,879.82000 ,347.60000 ,31.20000 ,1.07690 
eur_usd,1/1/2003,1.07690 ,1.04930 ,1.09090 ,1.03340 ,855.70000 ,368.30000 ,33.51000 ,1.07980 
eur_usd,2/1/2003,1.07980 ,1.07870 ,1.09410 ,1.06640 ,841.15000 ,350.20000 ,36.60000 ,1.09240 
eur_usd,3/1/2003,1.09240 ,1.07780 ,1.10870 ,1.05010 ,848.18000 ,335.90000 ,31.04000 ,1.11830 
eur_usd,4/1/2003,1.11830 ,1.09220 ,1.11890 ,1.05600 ,916.92000 ,339.10000 ,25.80000 ,1.17870 
eur_usd,5/1/2003,1.17870 ,1.11830 ,1.19350 ,1.11520 ,963.59000 ,364.50000 ,29.56000 ,1.15110 
eur_usd,6/1/2003,1.15110 ,1.17130 ,1.19340 ,1.13970 ,974.50000 ,346.00000 ,30.19000 ,1.12310 
eur_usd,7/1/2003,1.12310 ,1.15260 ,1.16130 ,1.11130 ,993.32000 ,354.00000 ,30.54000 ,1.09800 
eur_usd,8/1/2003,1.09800 ,1.12300 ,1.14300 ,1.07920 ,1008.01000 ,375.70000 ,31.57000 ,1.16600 
eur_usd,9/1/2003,1.16600 ,1.09860 ,1.17390 ,1.07620 ,995.97000 ,385.40000 ,29.20000 ,1.15840 
eur_usd,10/1/2003,1.15840 ,1.16610 ,1.18620 ,1.15320 ,1050.71000 ,384.50000 ,29.11000 ,1.19940 
eur_usd,11/1/2003,1.19940 ,1.15810 ,1.20170 ,1.13770 ,1058.20000 ,396.80000 ,30.41000 ,1.25880 
eur_usd,12/1/2003,1.25880 ,1.19760 ,1.26490 ,1.19360 ,1111.92000 ,415.70000 ,32.52000 ,1.24690 
eur_usd,1/1/2004,1.24690 ,1.25490 ,1.29010 ,1.23340 ,1131.13000 ,402.20000 ,33.05000 ,1.24900 
eur_usd,2/1/2004,1.24900 ,1.24730 ,1.29300 ,1.23730 ,1144.94000 ,396.40000 ,36.16000 ,1.23150 
eur_usd,3/1/2004,1.23150 ,1.24880 ,1.25430 ,1.20490 ,1126.21000 ,427.30000 ,35.76000 ,1.19820 
eur_usd,4/1/2004,1.19820 ,1.23160 ,1.23920 ,1.17620 ,1107.30000 ,387.00000 ,37.38000 ,1.21860 
eur_usd,5/1/2004,1.21860 ,1.19950 ,1.22980 ,1.17720 ,1120.68000 ,394.00000 ,39.88000 ,1.21870 
eur_usd,6/1/2004,1.21870 ,1.21860 ,1.23530 ,1.19520 ,1140.84000 ,392.60000 ,37.05000 ,1.20200 
eur_usd,7/1/2004,1.20200 ,1.21890 ,1.24640 ,1.19920 ,1101.72000 ,391.00000 ,43.80000 ,1.21880 
eur_usd,8/1/2004,1.21880 ,1.20710 ,1.23890 ,1.19700 ,1104.24000 ,410.40000 ,42.12000 ,1.24320 
eur_usd,9/1/2004,1.24320 ,1.21800 ,1.24450 ,1.20230 ,1114.58000 ,418.70000 ,49.64000 ,1.27850 
eur_usd,10/1/2004,1.27850 ,1.24360 ,1.28460 ,1.22290 ,1130.20000 ,428.50000 ,51.76000 ,1.32930 
eur_usd,11/1/2004,1.32930 ,1.28030 ,1.33350 ,1.26560 ,1173.82000 ,451.30000 ,49.13000 ,1.35580 
eur_usd,12/1/2004,1.35580 ,1.32830 ,1.36680 ,1.31370 ,1211.92000 ,437.50000 ,43.45000 ,1.30340 
eur_usd,1/1/2005,1.30340 ,1.35470 ,1.35820 ,1.29210 ,1181.27000 ,421.80000 ,48.20000 ,1.32370 
eur_usd,2/1/2005,1.32370 ,1.30360 ,1.32810 ,1.27320 ,1203.60000 ,436.50000 ,51.75000 ,1.29630 
eur_usd,3/1/2005,1.29630 ,1.32260 ,1.34830 ,1.28540 ,1180.59000 ,428.70000 ,55.40000 ,1.28730 
eur_usd,4/1/2005,1.28730 ,1.29610 ,1.31260 ,1.27680 ,1156.85000 ,435.00000 ,49.72000 ,1.23100 
eur_usd,5/1/2005,1.23100 ,1.28610 ,1.29910 ,1.22950 ,1191.50000 ,416.30000 ,51.97000 ,1.21020 
eur_usd,6/1/2005,1.21020 ,1.23060 ,1.23570 ,1.19840 ,1191.33000 ,435.90000 ,56.50000 ,1.21300 
eur_usd,7/1/2005,1.21300 ,1.20980 ,1.22560 ,1.18670 ,1234.18000 ,429.90000 ,60.57000 ,1.23440 
eur_usd,8/1/2005,1.23440 ,1.21230 ,1.24870 ,1.21170 ,1220.33000 ,433.80000 ,68.94000 ,1.20300 
eur_usd,9/1/2005,1.20300 ,1.23390 ,1.25900 ,1.19770 ,1228.81000 ,469.00000 ,66.24000 ,1.19880 
eur_usd,10/1/2005,1.19880 ,1.20220 ,1.22070 ,1.18740 ,1207.01000 ,465.10000 ,59.76000 ,1.17890 
eur_usd,11/1/2005,1.17890 ,1.19950 ,1.20870 ,1.16410 ,1249.48000 ,494.60000 ,57.32000 ,1.18430 
eur_usd,12/1/2005,1.18430 ,1.17900 ,1.20640 ,1.16620 ,1248.29000 ,517.10000 ,61.04000 ,1.21550 
eur_usd,1/1/2006,1.21550 ,1.18450 ,1.23250 ,1.17990 ,1280.08000 ,570.80000 ,67.92000 ,1.19210 
eur_usd,2/1/2006,1.19210 ,1.21550 ,1.21670 ,1.18250 ,1280.66000 ,561.60000 ,61.41000 ,1.21190 
eur_usd,3/1/2006,1.21190 ,1.19210 ,1.22080 ,1.18600 ,1294.83000 ,581.80000 ,66.63000 ,1.26370 
eur_usd,4/1/2006,1.26370 ,1.21220 ,1.26420 ,1.20320 ,1310.61000 ,651.80000 ,71.88000 ,1.28120 
eur_usd,5/1/2006,1.28120 ,1.26270 ,1.29730 ,1.25550 ,1270.09000 ,642.50000 ,71.29000 ,1.27890 
eur_usd,6/1/2006,1.27890 ,1.28150 ,1.29820 ,1.24790 ,1270.20000 ,613.50000 ,73.93000 ,1.27630 
eur_usd,7/1/2006,1.27630 ,1.27880 ,1.28620 ,1.24580 ,1276.66000 ,634.20000 ,74.40000 ,1.28070 
eur_usd,8/1/2006,1.28070 ,1.27610 ,1.29400 ,1.26940 ,1303.82000 ,625.90000 ,70.26000 ,1.26720 
eur_usd,9/1/2006,1.26720 ,1.28040 ,1.28750 ,1.26290 ,1335.85000 ,598.60000 ,62.91000 ,1.27630 
eur_usd,10/1/2006,1.27630 ,1.26830 ,1.27850 ,1.24830 ,1377.94000 ,604.10000 ,58.73000 ,1.32410 
eur_usd,11/1/2006,1.32410 ,1.27620 ,1.32750 ,1.26810 ,1400.63000 ,646.90000 ,63.13000 ,1.31990 
eur_usd,12/1/2006,1.31990 ,1.32440 ,1.33700 ,1.30540 ,1418.30000 ,635.20000 ,61.05000 ,1.30340 
eur_usd,1/1/2007,1.30340 ,1.31980 ,1.32990 ,1.28660 ,1438.24000 ,652.00000 ,58.14000 ,1.32350 
eur_usd,2/1/2007,1.32350 ,1.30320 ,1.32610 ,1.29120 ,1406.82000 ,669.40000 ,61.79000 ,1.33580 
eur_usd,3/1/2007,1.33580 ,1.32320 ,1.34140 ,1.30720 ,1420.86000 ,663.00000 ,65.87000 ,1.36470 
eur_usd,4/1/2007,1.36470 ,1.33750 ,1.36830 ,1.33190 ,1482.37000 ,680.50000 ,65.71000 ,1.34530 
eur_usd,5/1/2007,1.34530 ,1.36410 ,1.36740 ,1.34070 ,1530.62000 ,661.00000 ,64.01000 ,1.35420 
eur_usd,6/1/2007,1.35420 ,1.34530 ,1.35540 ,1.32620 ,1503.35000 ,648.10000 ,70.68000 ,1.36730 
eur_usd,7/1/2007,1.36730 ,1.35420 ,1.38530 ,1.35280 ,1455.27000 ,666.90000 ,78.21000 ,1.36300 
eur_usd,8/1/2007,1.36300 ,1.36770 ,1.38410 ,1.33600 ,1473.99000 ,673.00000 ,74.04000 ,1.42720 
eur_usd,9/1/2007,1.42720 ,1.36280 ,1.42790 ,1.35510 ,1526.75000 ,742.80000 ,81.66000 ,1.44810 
eur_usd,10/1/2007,1.44810 ,1.42770 ,1.45050 ,1.40140 ,1549.38000 ,792.00000 ,94.53000 ,1.46320 
eur_usd,11/1/2007,1.46320 ,1.44800 ,1.49680 ,1.44040 ,1481.14000 ,782.20000 ,88.71000 ,1.45900 
eur_usd,12/1/2007,1.45900 ,1.46380 ,1.47710 ,1.43100 ,1468.36000 ,834.90000 ,95.98000 ,1.48660 
eur_usd,1/1/2008,1.48660 ,1.45860 ,1.49230 ,1.43650 ,1378.55000 ,922.70000 ,91.75000 ,1.51810 
eur_usd,2/1/2008,1.51810 ,1.48600 ,1.52400 ,1.44400 ,1330.63000 ,972.10000 ,101.84000 ,1.57740 
eur_usd,3/1/2008,1.57740 ,1.51950 ,1.59050 ,1.51470 ,1322.70000 ,916.20000 ,101.58000 ,1.56170 
eur_usd,4/1/2008,1.56170 ,1.57640 ,1.60190 ,1.55100 ,1385.59000 ,862.80000 ,113.46000 ,1.55540 
eur_usd,5/1/2008,1.55540 ,1.56150 ,1.58190 ,1.52860 ,1400.38000 ,887.30000 ,127.35000 ,1.57560 
eur_usd,6/1/2008,1.57560 ,1.55590 ,1.58460 ,1.53020 ,1280.00000 ,926.20000 ,140.00000 ,1.56010 
eur_usd,7/1/2008,1.56010 ,1.57550 ,1.60390 ,1.55190 ,1267.38000 ,913.90000 ,124.08000 ,1.46740 
eur_usd,8/1/2008,1.46740 ,1.55980 ,1.56330 ,1.45690 ,1282.83000 ,829.30000 ,115.46000 ,1.41040 
eur_usd,9/1/2008,1.41040 ,1.47020 ,1.48670 ,1.38810 ,1166.36000 ,874.20000 ,100.64000 ,1.27330 
eur_usd,10/1/2008,1.27330 ,1.41250 ,1.41770 ,1.23310 ,968.75000 ,716.80000 ,67.81000 ,1.26970 
eur_usd,11/1/2008,1.26970 ,1.27510 ,1.31180 ,1.23890 ,896.24000 ,816.20000 ,54.43000 ,1.39800 
eur_usd,12/1/2008,1.39800 ,1.27110 ,1.47210 ,1.25500 ,903.25000 ,883.60000 ,44.60000 ,1.27830 
eur_usd,1/1/2009,1.27830 ,1.39660 ,1.40580 ,1.27660 ,825.88000 ,927.30000 ,41.68000 ,1.26690 
eur_usd,2/1/2009,1.26690 ,1.27680 ,1.30940 ,1.25120 ,735.09000 ,941.50000 ,44.76000 ,1.32510 
eur_usd,3/1/2009,1.32510 ,1.26260 ,1.37380 ,1.24560 ,797.87000 ,922.60000 ,49.66000 ,1.32270 
eur_usd,4/1/2009,1.32270 ,1.32470 ,1.35810 ,1.28840 ,872.81000 ,890.70000 ,51.12000 ,1.41540 
eur_usd,5/1/2009,1.41540 ,1.32280 ,1.41710 ,1.32120 ,919.14000 ,978.80000 ,66.31000 ,1.40360 
eur_usd,6/1/2009,1.40360 ,1.41240 ,1.43400 ,1.37490 ,919.32000 ,927.10000 ,69.89000 ,1.42500 
eur_usd,7/1/2009,1.42500 ,1.40350 ,1.43060 ,1.38330 ,987.48000 ,953.70000 ,69.45000 ,1.43300 
eur_usd,8/1/2009,1.43300 ,1.42670 ,1.44470 ,1.40450 ,1020.62000 ,951.70000 ,69.96000 ,1.46360 
eur_usd,9/1/2009,1.46360 ,1.43310 ,1.48440 ,1.41770 ,1057.08000 ,1008.00000 ,70.61000 ,1.47180 
eur_usd,10/1/2009,1.47180 ,1.46380 ,1.50640 ,1.44820 ,1036.19000 ,1039.70000 ,77.00000 ,1.50090 
eur_usd,11/1/2009,1.50090 ,1.47140 ,1.51460 ,1.46250 ,1095.63000 ,1181.10000 ,77.28000 ,1.43180 
eur_usd,12/1/2009,1.43180 ,1.50070 ,1.51430 ,1.42180 ,1115.10000 ,1095.20000 ,79.36000 ,1.38630 
eur_usd,1/1/2010,1.38630 ,1.43260 ,1.45840 ,1.38610 ,1073.87000 ,1083.00000 ,72.89000 ,1.36260 
eur_usd,2/1/2010,1.36260 ,1.38630 ,1.40270 ,1.34430 ,1104.49000 ,1118.30000 ,79.66000 ,1.35120 
eur_usd,3/1/2010,1.35120 ,1.36250 ,1.38190 ,1.32670 ,1169.43000 ,1113.30000 ,83.76000 ,1.32980 
eur_usd,4/1/2010,1.32980 ,1.35120 ,1.36940 ,1.31150 ,1186.69000 ,1180.10000 ,86.15000 ,1.23060 
eur_usd,5/1/2010,1.23060 ,1.33400 ,1.33400 ,1.21430 ,1089.41000 ,1212.20000 ,73.97000 ,1.22360 
eur_usd,6/1/2010,1.22360 ,1.23050 ,1.24690 ,1.18770 ,1030.71000 ,1245.50000 ,75.63000 ,1.30480 
eur_usd,7/1/2010,1.30480 ,1.22360 ,1.31090 ,1.21950 ,1101.60000 ,1181.70000 ,78.95000 ,1.26870 
eur_usd,8/1/2010,1.26870 ,1.30610 ,1.33350 ,1.25860 ,1049.33000 ,1248.30000 ,71.92000 ,1.36330 
eur_usd,9/1/2010,1.36330 ,1.26880 ,1.36860 ,1.26450 ,1141.20000 ,1307.80000 ,79.97000 ,1.39500 
eur_usd,10/1/2010,1.39500 ,1.36320 ,1.41600 ,1.36200 ,1183.26000 ,1357.10000 ,81.43000 ,1.29800 
eur_usd,11/1/2010,1.29800 ,1.39640 ,1.42840 ,1.29670 ,1180.55000 ,1385.00000 ,84.11000 ,1.33790 
eur_usd,12/1/2010,1.33790 ,1.29870 ,1.35000 ,1.29720 ,1257.64000 ,1421.10000 ,91.38000 ,1.36860 
eur_usd,1/1/2011,1.36860 ,1.33460 ,1.37600 ,1.28720 ,1286.12000 ,1333.80000 ,92.19000 ,1.38020 
eur_usd,2/1/2011,1.38020 ,1.36850 ,1.38620 ,1.34270 ,1327.22000 ,1409.30000 ,96.97000 ,1.41660 
eur_usd,3/1/2011,1.41660 ,1.38030 ,1.42500 ,1.37420 ,1325.83000 ,1438.90000 ,106.72000 ,1.48020 
eur_usd,4/1/2011,1.48020 ,1.41740 ,1.48840 ,1.40620 ,1363.61000 ,1556.00000 ,113.93000 ,1.43960 
eur_usd,5/1/2011,1.43960 ,1.48250 ,1.49410 ,1.39690 ,1345.20000 ,1535.90000 ,102.70000 ,1.45060 
eur_usd,6/1/2011,1.45060 ,1.43930 ,1.46990 ,1.40740 ,1320.64000 ,1502.30000 ,95.42000 ,1.43960 
eur_usd,7/1/2011,1.43960 ,1.44980 ,1.45780 ,1.38360 ,1292.28000 ,1628.30000 ,95.70000 ,1.43790 
eur_usd,8/1/2011,1.43790 ,1.43590 ,1.45490 ,1.40560 ,1218.89000 ,1828.50000 ,88.81000 ,1.33860 
eur_usd,9/1/2011,1.33860 ,1.43770 ,1.43830 ,1.33630 ,1131.42000 ,1620.40000 ,79.20000 ,1.38580 
eur_usd,10/1/2011,1.38580 ,1.33370 ,1.42480 ,1.31460 ,1253.30000 ,1724.20000 ,93.19000 ,1.34430 
eur_usd,11/1/2011,1.34430 ,1.38580 ,1.38740 ,1.32130 ,1246.96000 ,1745.50000 ,100.36000 ,1.29480 
eur_usd,12/1/2011,1.29480 ,1.34380 ,1.35510 ,1.28580 ,1257.60000 ,1565.80000 ,98.83000 ,1.30780 
eur_usd,1/1/2012,1.30780 ,1.29370 ,1.32310 ,1.26240 ,1312.41000 ,1737.80000 ,98.48000 ,1.33260 
eur_usd,2/1/2012,1.33260 ,1.30830 ,1.34880 ,1.29750 ,1365.68000 ,1709.90000 ,107.07000 ,1.33440 
eur_usd,3/1/2012,1.33440 ,1.33260 ,1.33860 ,1.30030 ,1408.47000 ,1669.30000 ,103.02000 ,1.32400 
eur_usd,4/1/2012,1.32400 ,1.33580 ,1.33800 ,1.29940 ,1397.91000 ,1663.40000 ,104.87000 ,1.23580 
eur_usd,5/1/2012,1.23580 ,1.32420 ,1.32850 ,1.23370 ,1310.33000 ,1562.60000 ,86.53000 ,1.26600 
eur_usd,6/1/2012,1.26600 ,1.23610 ,1.27490 ,1.22880 ,1362.16000 ,1603.50000 ,84.96000 ,1.23040 
eur_usd,7/1/2012,1.23040 ,1.26710 ,1.26720 ,1.20410 ,1379.32000 ,1610.50000 ,88.06000 ,1.25770 
eur_usd,8/1/2012,1.25770 ,1.23050 ,1.26380 ,1.21340 ,1406.58000 ,1684.60000 ,96.47000 ,1.28580 
eur_usd,9/1/2012,1.28580 ,1.25670 ,1.31700 ,1.25010 ,1440.67000 ,1771.10000 ,92.19000 ,1.29600 
eur_usd,10/1/2012,1.29600 ,1.28600 ,1.31410 ,1.28040 ,1412.16000 ,1717.50000 ,86.24000 ,1.29860 
eur_usd,11/1/2012,1.29860 ,1.29600 ,1.30290 ,1.26620 ,1416.18000 ,1710.90000 ,88.91000 ,1.31960 
eur_usd,12/1/2012,1.31960 ,1.29860 ,1.33110 ,1.28800 ,1426.19000 ,1674.80000 ,91.82000 ,1.35790 
eur_usd,1/1/2013,1.35790 ,1.31950 ,1.35940 ,1.29980 ,1498.11000 ,1660.60000 ,97.49000 ,1.30560 
eur_usd,2/1/2013,1.30560 ,1.35770 ,1.37120 ,1.30170 ,1514.68000 ,1577.70000 ,92.05000 ,1.28200 
eur_usd,3/1/2013,1.28200 ,1.30560 ,1.31360 ,1.27520 ,1569.19000 ,1594.80000 ,97.23000 ,1.31670 
eur_usd,4/1/2013,1.31670 ,1.28140 ,1.32020 ,1.27460 ,1597.57000 ,1472.20000 ,93.46000 ,1.29990 
eur_usd,5/1/2013,1.29990 ,1.31700 ,1.32460 ,1.27990 ,1630.74000 ,1392.60000 ,91.97000 ,1.30100 
eur_usd,6/1/2013,1.30100 ,1.29840 ,1.34170 ,1.29560 ,1606.28000 ,1223.80000 ,96.56000 ,1.33020 
eur_usd,7/1/2013,1.33020 ,1.30080 ,1.33460 ,1.27560 ,1685.73000 ,1312.40000 ,105.03000 ,1.32220 
eur_usd,8/1/2013,1.32220 ,1.33020 ,1.34550 ,1.31750 ,1632.97000 ,1396.10000 ,107.65000 ,1.35260 
eur_usd,9/1/2013,1.35260 ,1.32340 ,1.35700 ,1.31050 ,1681.55000 ,1326.50000 ,102.33000 ,1.35840 
eur_usd,10/1/2013,1.35840 ,1.35290 ,1.38350 ,1.34750 ,1756.54000 ,1323.60000 ,96.38000 ,1.35910 
eur_usd,11/1/2013,1.35910 ,1.35830 ,1.36220 ,1.32960 ,1805.81000 ,1250.60000 ,92.72000 ,1.37460 
eur_usd,12/1/2013,1.37460 ,1.35890 ,1.38930 ,1.35230 ,1848.36000 ,1201.90000 ,98.42000 ,1.34870 
eur_usd,1/1/2014,1.34870 ,1.37420 ,1.37770 ,1.34800 ,1782.59000 ,1240.10000 ,97.49000 ,1.38020 
eur_usd,2/1/2014,1.38020 ,1.34930 ,1.38240 ,1.34760 ,1859.45000 ,1321.40000 ,102.59000 ,1.37710 
eur_usd,3/1/2014,1.37710 ,1.37860 ,1.39680 ,1.37050 ,1872.34000 ,1283.40000 ,101.58000 ,1.38670 
eur_usd,4/1/2014,1.38670 ,1.37680 ,1.39060 ,1.36730 ,1883.95000 ,1295.60000 ,99.74000 ,1.36310 
eur_usd,5/1/2014,1.36310 ,1.38660 ,1.39930 ,1.35850 ,1923.57000 ,1245.60000 ,102.71000 ,1.36920 
eur_usd,6/1/2014,1.36920 ,1.36340 ,1.36980 ,1.35030 ,1960.23000 ,1321.80000 ,105.37000 ,1.33890 
eur_usd,7/1/2014,1.33890 ,1.36920 ,1.37010 ,1.33660 ,1930.67000 ,1281.30000 ,98.17000 ,1.31330 
eur_usd,8/1/2014,1.31330 ,1.33910 ,1.34440 ,1.31310 ,2003.37000 ,1285.80000 ,95.96000 ,1.26320 
eur_usd,9/1/2014,1.26320 ,1.31380 ,1.31610 ,1.25710 ,1972.29000 ,1210.50000 ,91.16000 ,1.25250 
eur_usd,10/1/2014,1.25250 ,1.26310 ,1.28860 ,1.24850 ,2018.05000 ,1171.10000 ,80.54000 ,1.24520 
eur_usd,11/1/2014,1.24520 ,1.25170 ,1.26010 ,1.23590 ,2067.56000 ,1175.20000 ,66.15000 ,1.20990 
eur_usd,12/1/2014,1.20990 ,1.24560 ,1.25710 ,1.20960 ,2058.90000 ,1183.90000 ,53.27000 ,1.12880 
eur_usd,1/1/2015,1.12880 ,1.21010 ,1.21100 ,1.11000 ,1994.99000 ,1278.50000 ,48.24000 ,1.11960 
eur_usd,2/1/2015,1.11960 ,1.12840 ,1.15350 ,1.11780 ,2104.50000 ,1212.60000 ,49.76000 ,1.07310 
eur_usd,3/1/2015,1.07310 ,1.11870 ,1.12410 ,1.04570 ,2067.89000 ,1183.10000 ,47.60000 ,1.12240 
eur_usd,4/1/2015,1.12240 ,1.07360 ,1.12680 ,1.05210 ,2085.51000 ,1182.40000 ,59.63000 ,1.09880 
eur_usd,5/1/2015,1.09880 ,1.12220 ,1.14670 ,1.08190 ,2107.39000 ,1189.40000 ,60.30000 ,1.11380 
eur_usd,6/1/2015,1.11380 ,1.09890 ,1.14390 ,1.08890 ,2063.11000 ,1171.50000 ,59.47000 ,1.09880 
eur_usd,7/1/2015,1.09880 ,1.11390 ,1.12160 ,1.08090 ,2103.84000 ,1094.90000 ,47.12000 ,1.12150 
eur_usd,8/1/2015,1.12150 ,1.09720 ,1.17150 ,1.08510 ,1972.18000 ,1131.60000 ,49.20000 ,1.11770 
eur_usd,9/1/2015,1.11770 ,1.12100 ,1.14600 ,1.10870 ,1920.03000 ,1115.50000 ,45.09000 ,1.10050 
eur_usd,10/1/2015,1.10050 ,1.11760 ,1.14960 ,1.08950 ,2079.36000 ,1141.50000 ,46.59000 ,1.05640 
eur_usd,11/1/2015,1.05640 ,1.10150 ,1.10530 ,1.05570 ,2080.41000 ,1065.80000 ,41.65000 ,1.08600 
eur_usd,12/1/2015,1.08600 ,1.05670 ,1.10590 ,1.05380 ,2043.94000 ,1060.30000 ,37.04000 ,1.08370 
eur_usd,1/1/2016,1.08370 ,1.08620 ,1.09860 ,1.07120 ,1940.24000 ,1116.40000 ,33.62000 ,1.08730 
eur_usd,2/1/2016,1.08730 ,1.08330 ,1.13770 ,1.08140 ,1932.23000 ,1233.90000 ,33.75000 ,1.13800 
eur_usd,3/1/2016,1.13800 ,1.08720 ,1.14130 ,1.08220 ,2059.74000 ,1234.20000 ,38.34000 ,1.14560 
eur_usd,4/1/2016,1.14560 ,1.13800 ,1.14660 ,1.12150 ,2065.30000 ,1289.20000 ,45.92000 ,1.11320 
eur_usd,5/1/2016,1.11320 ,1.14470 ,1.16170 ,1.10990 ,2096.96000 ,1214.80000 ,49.10000 ,1.11050 
eur_usd,6/1/2016,1.11050 ,1.11320 ,1.14340 ,1.09110 ,2098.86000 ,1318.40000 ,48.33000 ,1.11740 
eur_usd,7/1/2016,1.11740 ,1.11060 ,1.12000 ,1.09540 ,2173.60000 ,1349.00000 ,41.60000 ,1.11580 
eur_usd,8/1/2016,1.11580 ,1.11750 ,1.13670 ,1.10450 ,2170.95000 ,1306.90000 ,44.70000 ,1.12410 
eur_usd,9/1/2016,1.12410 ,1.11580 ,1.13290 ,1.11220 ,2168.27000 ,1313.30000 ,48.24000 ,1.09810 
eur_usd,10/1/2016,1.09810 ,1.12350 ,1.12450 ,1.08500 ,2126.15000 ,1271.50000 ,46.86000 ,1.05880 
eur_usd,11/1/2016,1.05880 ,1.09820 ,1.13020 ,1.05180 ,2198.81000 ,1170.80000 ,49.44000 ,1.05160 
eur_usd,12/1/2016,1.05160 ,1.05910 ,1.08750 ,1.03530 ,2238.83000 ,1150.00000 ,53.72000 ,1.07980 
eur_usd,1/1/2017,1.07980 ,1.05320 ,1.08140 ,1.03420 ,2278.87000 ,1208.60000 ,52.81000 ,1.05770 
eur_usd,2/1/2017,1.05770 ,1.07980 ,1.08300 ,1.04940 ,2363.64000 ,1252.60000 ,54.01000 ,1.06520 
eur_usd,3/1/2017,1.06520 ,1.05760 ,1.09070 ,1.04950 ,2362.72000 ,1247.30000 ,50.60000 ,1.08970 
eur_usd,4/1/2017,1.08970 ,1.06600 ,1.09520 ,1.05700 ,2384.20000 ,1266.10000 ,49.33000 ,1.12430 
eur_usd,5/1/2017,1.12430 ,1.09080 ,1.12690 ,1.08400 ,2411.80000 ,1272.00000 ,48.32000 ,1.14260 
eur_usd,6/1/2017,1.14260 ,1.12430 ,1.14480 ,1.11200 ,2423.41000 ,1240.70000 ,46.04000 ,1.18420 
eur_usd,7/1/2017,1.18420 ,1.14200 ,1.18470 ,1.13130 ,2470.30000 ,1266.60000 ,50.17000 ,1.19100 
eur_usd,8/1/2017,1.19100 ,1.18420 ,1.20710 ,1.16630 ,2471.65000 ,1316.20000 ,47.23000 ,1.18140 
eur_usd,9/1/2017,1.18140 ,1.19110 ,1.20940 ,1.17170 ,2519.36000 ,1281.50000 ,51.67000 ,1.16460 
eur_usd,10/1/2017,1.16460 ,1.18180 ,1.18820 ,1.15750 ,2575.26000 ,1267.00000 ,54.38000 ,1.19040 
eur_usd,11/1/2017,1.19040 ,1.16460 ,1.19620 ,1.15540 ,2647.58000 ,1273.20000 ,57.40000 ,1.19980 
eur_usd,12/1/2017,1.19980 ,1.19040 ,1.20300 ,1.17180 ,2673.61000 ,1306.30000 ,60.42000 ,1.24210 
eur_usd,1/1/2018,1.24210 ,1.20020 ,1.25370 ,1.19150 ,2823.81000 ,1339.00000 ,64.73000 ,1.21940 
